datetime,open,high,low,close,volume
2026-05-13T12:00:00+00:00,120.18000000000006,124.48000000000008,115.96000000000006,119.72000000000007,67521.70970021197
2026-05-14T12:00:00+00:00,119.72000000000007,119.72000000000007,112.70000000000007,115.43000000000006,77577
2026-05-15T12:00:00+00:00,115.43000000000006,115.43000000000006,106.30000000000007,108.15000000000006,98480.09870609982
2026-05-18T12:00:00+00:00,108.15000000000006,114.99000000000007,103.34000000000006,107.55000000000005,121770
2026-05-19T12:00:00+00:00,107.55000000000005,112.54000000000006,101.89000000000006,110.38000000000005,117308
2026-05-20T12:00:00+00:00,110.38000000000005,121.41000000000005,110.38000000000005,118.55000000000004,113165.86069816099
2026-05-21T12:00:00+00:00,118.55000000000004,118.92000000000004,112.67000000000004,118.04000000000003,88975
2026-05-22T12:00:00+00:00,118.04000000000003,122.26000000000005,117.58000000000004,119.30000000000004,85798.52687820303
2026-05-26T12:00:00+00:00,119.30000000000004,125.14000000000004,116.89000000000004,123.07000000000004,86523
2026-05-27T12:00:00+00:00,123.07000000000004,124.77000000000004,116.61000000000004,121.37000000000003,85283.32627118644
2026-05-28T12:00:00+00:00,121.37000000000003,122.59000000000003,115.87000000000003,120.36000000000004,76341
2026-05-29T12:00:00+00:00,120.36000000000004,126.15000000000003,113.03000000000002,114.15000000000002,67777.93382881803
2026-06-01T12:00:00+00:00,114.15000000000002,114.15000000000002,105.79000000000002,108.73000000000002,91953
2026-06-02T12:00:00+00:00,108.73000000000002,108.73000000000002,103.66000000000003,107.37000000000002,69018
2026-06-03T12:00:00+00:00,107.37000000000002,117.71000000000002,107.37000000000002,112.10000000000002,83959.30317134742
2026-06-04T12:00:00+00:00,112.10000000000002,112.59000000000002,106.94000000000003,111.14000000000001,86754
2026-06-05T12:00:00+00:00,111.14000000000001,111.14000000000001,98.66000000000003,99.23000000000003,131518.88705526464
2026-06-08T12:00:00+00:00,99.23000000000003,112.81000000000003,99.23000000000003,110.50000000000003,118803
2026-06-09T12:00:00+00:00,110.50000000000003,114.24000000000002,99.71000000000002,108.25000000000003,201584
2026-06-10T12:00:00+00:00,108.25000000000003,111.74000000000002,105.16000000000003,107.34000000000003,168945.20369100317
2026-06-11T12:00:00+00:00,107.34000000000003,119.68000000000002,107.34000000000003,117.21000000000002,168774
2026-06-12T12:00:00+00:00,117.21000000000002,127.93000000000002,115.59000000000003,124.94000000000003,116318.788445602
2026-06-15T12:00:00+00:00,124.94000000000003,132.91000000000003,124.94000000000003,128.2199999999999,78852
2026-06-16T12:00:00+00:00,128.2199999999999,129.00999999999996,117.18999999999996,117.44999999999995,119335
2026-06-17T12:00:00+00:00,117.44999999999995,125.51999999999994,117.44999999999995,121.55999999999995,155305.60444661617
2026-06-18T12:00:00+00:00,121.55999999999995,135.76999999999992,121.55999999999995,134.19999999999993,94862.32672672672
2026-06-22T12:00:00+00:00,134.19999999999993,141.74999999999994,134.19999999999993,141.22999999999993,131227
2026-06-23T12:00:00+00:00,141.22999999999993,141.22999999999993,128.64999999999992,132.56999999999994,107748
2026-06-24T12:00:00+00:00,132.56999999999994,136.37999999999994,128.25999999999993,131.95999999999995,147015.91834459238
2026-06-25T12:00:00+00:00,131.95999999999995,141.01999999999995,125.72999999999995,133.24999999999994,172947
2026-06-26T12:00:00+00:00,133.24999999999994,133.24999999999994,125.81999999999994,127.96999999999997,143115.8379245175
2026-06-29T12:00:00+00:00,127.96999999999997,132.21999999999994,118.80999999999997,132.00999999999993,101707
2026-06-30T12:00:00+00:00,132.00999999999993,142.64999999999995,131.81999999999994,139.88999999999993,86257
2026-07-01T12:00:00+00:00,139.88999999999993,139.88999999999993,126.96999999999986,127.38999999999986,116480.13456664977
2026-07-02T12:00:00+00:00,127.38999999999986,130.9899999999999,117.88999999999994,120.69999999999995,196056.60801781737
2026-07-06T12:00:00+00:00,120.69999999999995,127.56999999999995,120.69999999999995,122.57999999999994,112205
2026-07-07T12:00:00+00:00,122.57999999999994,122.57999999999994,108.55999999999995,110.68999999999994,154820
2026-07-08T12:00:00+00:00,110.68999999999994,110.74999999999997,104.68999999999997,110.50999999999996,147034.7795570101
2026-07-09T12:00:00+00:00,110.50999999999996,116.85999999999997,110.50999999999996,112.87999999999997,106317
2026-07-10T12:00:00+00:00,112.87999999999997,112.87999999999997,107.69999999999996,110.12999999999997,103616.096196868
2026-07-13T12:00:00+00:00,110.12999999999997,110.12999999999997,102.10999999999997,103.37999999999997,117489
2026-07-14T12:00:00+00:00,103.37999999999997,109.48999999999997,103.37999999999997,108.13999999999997,118827
2026-07-15T12:00:00+00:00,108.13999999999997,109.82999999999997,99.47999999999996,103.30999999999996,130679.54703672469
2026-07-16T12:00:00+00:00,103.30999999999996,103.30999999999996,95.75999999999996,97.31999999999996,106975
2026-07-17T12:00:00+00:00,97.31999999999996,98.32999999999997,89.88999999999997,95.25999999999996,139002
2026-07-20T12:00:00+00:00,95.25999999999996,98.94999999999996,94.89999999999996,95.10999999999996,117349
2026-07-21T12:00:00+00:00,95.10999999999996,104.13999999999996,95.10999999999996,103.34999999999997,93904
2026-07-22T12:00:00+00:00,103.34999999999997,104.81999999999996,99.58999999999996,100.52999999999997,105874
2026-07-23T12:00:00+00:00,100.52999999999997,102.14999999999996,97.20999999999997,98.10999999999997,148960
2026-07-24T12:00:00+00:00,98.10999999999997,99.63999999999997,89.54999999999997,90.31999999999996,129679
2026-07-27T12:00:00+00:00,90.31999999999996,92.94999999999997,84.92999999999996,89.67999999999996,109382.4936472498
2026-07-28T12:00:00+00:00,89.67999999999996,89.67999999999996,81.09999999999997,84.34999999999997,122305
2026-07-29T12:00:00+00:00,84.34999999999997,86.40999999999997,79.75999999999998,79.82999999999997,154329
2026-07-30T12:00:00+00:00,79.82999999999997,92.04999999999997,79.82999999999997,89.14999999999998,124045
2026-07-31T12:00:00+00:00,89.14999999999998,95.85999999999997,88.12999999999997,88.26999999999997,168808
2026-08-03T12:00:00+00:00,88.26999999999997,89.67999999999998,83.58999999999997,88.92999999999998,109068
2026-08-04T12:00:00+00:00,88.92999999999998,99.36999999999998,88.92999999999998,98.86999999999998,111248
2026-08-05T12:00:00+00:00,98.86999999999998,100.83999999999997,95.87999999999997,99.09999999999998,135642.6600803751
2026-08-06T12:00:00+00:00,99.09999999999998,101.34999999999998,93.59999999999998,97.70999999999998,140603
2026-08-07T12:00:00+00:00,97.70999999999998,101.60999999999999,96.02999999999997,99.70999999999998,131558
2026-08-10T12:00:00+00:00,99.70999999999998,99.70999999999998,94.37999999999998,95.60999999999999,102871
2026-08-11T12:00:00+00:00,95.60999999999999,96.35999999999999,93.33999999999999,95.72999999999999,86400
2026-08-12T12:00:00+00:00,95.72999999999999,101.14999999999998,95.72999999999999,98.91999999999999,94880.39943697216
2026-08-13T12:00:00+00:00,98.91999999999999,105.57,98.30999999999999,102.57,123110
2026-08-14T12:00:00+00:00,102.57,104.86,100.03999999999999,100.46,105391.4799327982
2026-08-17T12:00:00+00:00,100.46,103.94,99.81,101.5,78927
2026-08-18T12:00:00+00:00,101.5,101.5,93.26,94.77,103148
2026-08-19T12:00:00+00:00,94.77,96.19,89.28,90.86000000000001,129019.72542648253
2026-08-20T12:00:00+00:00,90.86000000000001,90.86000000000001,87.85000000000001,90.17,114603
2026-08-21T12:00:00+00:00,90.17,90.72000000000001,87.75000000000001,88.06,76744
2026-08-24T12:00:00+00:00,88.06,88.06,83.17,85.29,93511
2026-08-25T12:00:00+00:00,85.29,88.18,85.29,85.58,76156
2026-08-26T12:00:00+00:00,85.58,86.36999999999999,83.69,86.33,67278
2026-08-27T12:00:00+00:00,86.33,91.02,86.33,89.94999999999999,109177
2026-08-28T12:00:00+00:00,89.94999999999999,91.51999999999998,86.88999999999999,87.33999999999999,119610
2026-08-31T12:00:00+00:00,87.33999999999999,89.65999999999998,86.82,87.36999999999999,59656
2026-09-01T12:00:00+00:00,87.36999999999999,87.36999999999999,83.57,86.83999999999999,81494
